File name,Date,Material,Nanoparticle Size (nm),Nanoparticle Shape,Support,Instrument,Dosage (e/A2),Pixel Scale (nm),Folder
Au_UTC_205kX_2630e_0p1596s_01.dm3,08/26/21,Au,5,Sphere,UT Carbon,Team05,420,0.033,2021_08_26 5nm Au nanoparticles on C/Ultrathin Carbon
Au_UTC_205kX_2630e_0p1596s_02.dm3,08/26/21,Au,5,Sphere,UT Carbon,Team05,420,0.033,2021_08_26 5nm Au nanoparticles on C/Ultrathin Carbon
Au_UTC_205kX_2630e_0p1596s_03.dm3,08/26/21,Au,5,Sphere,UT Carbon,Team05,420,0.033,2021_08_26 5nm Au nanoparticles on C/Ultrathin Carbon
Au_UTC_205kX_2630e_0p1596s_04.dm3,08/26/21,Au,5,Sphere,UT Carbon,Team05,420,0.033,2021_08_26 5nm Au nanoparticles on C/Ultrathin Carbon
Au_UTC_205kX_2630e_0p1596s_05.dm3,08/26/21,Au,5,Sphere,UT Carbon,Team05,420,0.033,2021_08_26 5nm Au nanoparticles on C/Ultrathin Carbon
Au_UTC_205kX_2630e_0p1596s_06.dm3,08/26/21,Au,5,Sphere,UT Carbon,Team05,420,0.033,2021_08_26 5nm Au nanoparticles on C/Ultrathin Carbon
Au_UTC_260kX_2670e_0p1596s_01.dm3,08/26/21,Au,5,Sphere,UT Carbon,Team05,426,0.026,2021_08_26 5nm Au nanoparticles on C/Ultrathin Carbon
Au_UTC_260kX_2800e_0p1596s_01.dm3,08/26/21,Au,5,Sphere,UT Carbon,Team05,447,0.026,2021_08_26 5nm Au nanoparticles on C/Ultrathin Carbon
Au_UTC_260kX_2820e_0p1596s_01.dm3,08/26/21,Au,5,Sphere,UT Carbon,Team05,450,0.026,2021_08_26 5nm Au nanoparticles on C/Ultrathin Carbon
Au_UTC_260kX_2820e_0p1596s_02.dm3,08/26/21,Au,5,Sphere,UT Carbon,Team05,450,0.026,2021_08_26 5nm Au nanoparticles on C/Ultrathin Carbon
Au_UTC_260kX_2820e_0p1596s_03.dm3,08/26/21,Au,5,Sphere,UT Carbon,Team05,450,0.026,2021_08_26 5nm Au nanoparticles on C/Ultrathin Carbon
Au_UTC_260kX_2820e_0p1596s_04.dm3,08/26/21,Au,5,Sphere,UT Carbon,Team05,450,0.026,2021_08_26 5nm Au nanoparticles on C/Ultrathin Carbon
Au_UTC_260kX_2820e_0p1596s_05.dm3,08/26/21,Au,5,Sphere,UT Carbon,Team05,450,0.026,2021_08_26 5nm Au nanoparticles on C/Ultrathin Carbon
Au_UTC_260kX_2820e_0p1596s_06.dm3,08/26/21,Au,5,Sphere,UT Carbon,Team05,450,0.026,2021_08_26 5nm Au nanoparticles on C/Ultrathin Carbon
Au_UTC_260kX_2820e_0p1596s_07.dm3,08/26/21,Au,5,Sphere,UT Carbon,Team05,450,0.026,2021_08_26 5nm Au nanoparticles on C/Ultrathin Carbon
Au_UTC_330kX_2650e_0p1596s_01.dm3,08/26/21,Au,5,Sphere,UT Carbon,Team05,423,0.02,2021_08_26 5nm Au nanoparticles on C/Ultrathin Carbon
Au_UTC_330kX_2650e_0p1596s_02.dm3,08/26/21,Au,5,Sphere,UT Carbon,Team05,423,0.02,2021_08_26 5nm Au nanoparticles on C/Ultrathin Carbon
Au_UTC_330kX_2650e_0p1596s_03.dm3,08/26/21,Au,5,Sphere,UT Carbon,Team05,423,0.02,2021_08_26 5nm Au nanoparticles on C/Ultrathin Carbon
Au_UTC_330kX_2650e_0p1596s_04.dm3,08/26/21,Au,5,Sphere,UT Carbon,Team05,423,0.02,2021_08_26 5nm Au nanoparticles on C/Ultrathin Carbon
Au_UTC_330kX_2650e_0p1596s_05.dm3,08/26/21,Au,5,Sphere,UT Carbon,Team05,423,0.02,2021_08_26 5nm Au nanoparticles on C/Ultrathin Carbon
Au_UTC_330kX_2650e_0p1596s_06.dm3,08/26/21,Au,5,Sphere,UT Carbon,Team05,423,0.02,2021_08_26 5nm Au nanoparticles on C/Ultrathin Carbon
Au_UTC_330kX_2650e_0p1596s_07.dm3,08/26/21,Au,5,Sphere,UT Carbon,Team05,423,0.02,2021_08_26 5nm Au nanoparticles on C/Ultrathin Carbon
Au_UTC_330kX_2650e_0p1596s_08.dm3,08/26/21,Au,5,Sphere,UT Carbon,Team05,423,0.02,2021_08_26 5nm Au nanoparticles on C/Ultrathin Carbon
20210902_Au_160kX_1800e_0p1596s_01.dm3,09/02/21,Au,10,Sphere,UT Carbon,Team05,287,0.042,2021_09_02 10nm Au nanoparticles on UT C
20210902_Au_160kX_1800e_0p1596s_02.dm3,09/02/21,Au,10,Sphere,UT Carbon,Team05,287,0.042,2021_09_02 10nm Au nanoparticles on UT C
20210902_Au_160kX_1800e_0p1596s_03.dm3,09/02/21,Au,10,Sphere,UT Carbon,Team05,287,0.042,2021_09_02 10nm Au nanoparticles on UT C
20210902_Au_160kX_1800e_0p1596s_04.dm3,09/02/21,Au,10,Sphere,UT Carbon,Team05,287,0.042,2021_09_02 10nm Au nanoparticles on UT C
20210902_Au_160kX_1800e_0p1596s_05.dm3,09/02/21,Au,10,Sphere,UT Carbon,Team05,287,0.042,2021_09_02 10nm Au nanoparticles on UT C
20210902_Au_160kX_1800e_0p1596s_06.dm3,09/02/21,Au,10,Sphere,UT Carbon,Team05,287,0.042,2021_09_02 10nm Au nanoparticles on UT C
20210902_Au_160kX_1800e_0p1596s_07.dm3,09/02/21,Au,10,Sphere,UT Carbon,Team05,287,0.042,2021_09_02 10nm Au nanoparticles on UT C
20210902_Au_205kX_2640e_0p1596s_01.dm3,09/02/21,Au,10,Sphere,UT Carbon,Team05,421,0.033,2021_09_02 10nm Au nanoparticles on UT C
20210902_Au_205kX_2640e_0p1596s_02.dm3,09/02/21,Au,10,Sphere,UT Carbon,Team05,421,0.033,2021_09_02 10nm Au nanoparticles on UT C
20210902_Au_205kX_2640e_0p1596s_03.dm3,09/02/21,Au,10,Sphere,UT Carbon,Team05,421,0.033,2021_09_02 10nm Au nanoparticles on UT C
20210902_Au_205kX_2640e_0p1596s_04.dm3,09/02/21,Au,10,Sphere,UT Carbon,Team05,421,0.033,2021_09_02 10nm Au nanoparticles on UT C
20210902_Au_205kX_2640e_0p1596s_05.dm3,09/02/21,Au,10,Sphere,UT Carbon,Team05,421,0.033,2021_09_02 10nm Au nanoparticles on UT C
20210902_Au_205kX_2640e_0p1596s_06.dm3,09/02/21,Au,10,Sphere,UT Carbon,Team05,421,0.033,2021_09_02 10nm Au nanoparticles on UT C
20210902_Au_205kX_2640e_0p1596s_07.dm3,09/02/21,Au,10,Sphere,UT Carbon,Team05,421,0.033,2021_09_02 10nm Au nanoparticles on UT C
20210902_Au_205kX_2640e_0p1596s_08.dm3,09/02/21,Au,10,Sphere,UT Carbon,Team05,421,0.033,2021_09_02 10nm Au nanoparticles on UT C
20210902_Au_205kX_2640e_0p1596s_09.dm3,09/02/21,Au,10,Sphere,UT Carbon,Team05,421,0.033,2021_09_02 10nm Au nanoparticles on UT C
20210902_Au_205kX_2640e_0p1596s_10.dm3,09/02/21,Au,10,Sphere,UT Carbon,Team05,421,0.033,2021_09_02 10nm Au nanoparticles on UT C
20210902_Au_205kX_2640e_0p1596s_11.dm3,09/02/21,Au,10,Sphere,UT Carbon,Team05,421,0.033,2021_09_02 10nm Au nanoparticles on UT C
20210902_Au_205kX_2640e_0p1596s_12.dm3,09/02/21,Au,10,Sphere,UT Carbon,Team05,421,0.033,2021_09_02 10nm Au nanoparticles on UT C
20210902_Au_205kX_2640e_0p1596s_13.dm3,09/02/21,Au,10,Sphere,UT Carbon,Team05,421,0.033,2021_09_02 10nm Au nanoparticles on UT C
20210902_Au_205kX_2640e_0p1596s_14.dm3,09/02/21,Au,10,Sphere,UT Carbon,Team05,421,0.033,2021_09_02 10nm Au nanoparticles on UT C
20210902_Au_205kX_2640e_0p1596s_15.dm3,09/02/21,Au,10,Sphere,UT Carbon,Team05,421,0.033,2021_09_02 10nm Au nanoparticles on UT C
20210902_Au_260kX_2840e_0p1596s_01.dm3,09/02/21,Au,10,Sphere,UT Carbon,Team05,453,0.026,2021_09_02 10nm Au nanoparticles on UT C
20210902_Au_260kX_2840e_0p1596s_02.dm3,09/02/21,Au,10,Sphere,UT Carbon,Team05,453,0.026,2021_09_02 10nm Au nanoparticles on UT C
20210902_Au_260kX_2840e_0p1596s_03.dm3,09/02/21,Au,10,Sphere,UT Carbon,Team05,453,0.026,2021_09_02 10nm Au nanoparticles on UT C
20210902_Au_260kX_2840e_0p1596s_04.dm3,09/02/21,Au,10,Sphere,UT Carbon,Team05,453,0.026,2021_09_02 10nm Au nanoparticles on UT C
20210902_Au_260kX_2840e_0p1596s_05.dm3,09/02/21,Au,10,Sphere,UT Carbon,Team05,453,0.026,2021_09_02 10nm Au nanoparticles on UT C
20210902_Au_260kX_2840e_0p1596s_06.dm3,09/02/21,Au,10,Sphere,UT Carbon,Team05,453,0.026,2021_09_02 10nm Au nanoparticles on UT C
20210902_Au_260kX_2840e_0p1596s_07.dm3,09/02/21,Au,10,Sphere,UT Carbon,Team05,453,0.026,2021_09_02 10nm Au nanoparticles on UT C
20210902_Au_260kX_2840e_0p1596s_08.dm3,09/02/21,Au,10,Sphere,UT Carbon,Team05,453,0.026,2021_09_02 10nm Au nanoparticles on UT C
20210902_Au_260kX_2840e_0p1596s_09.dm3,09/02/21,Au,10,Sphere,UT Carbon,Team05,453,0.026,2021_09_02 10nm Au nanoparticles on UT C
20210902_Au_260kX_2840e_0p1596s_10.dm3,09/02/21,Au,10,Sphere,UT Carbon,Team05,453,0.026,2021_09_02 10nm Au nanoparticles on UT C
20210902_Au_260kX_2840e_0p1596s_11.dm3,09/02/21,Au,10,Sphere,UT Carbon,Team05,453,0.026,2021_09_02 10nm Au nanoparticles on UT C
20210902_Au_260kX_2840e_0p1596s_12.dm3,09/02/21,Au,10,Sphere,UT Carbon,Team05,453,0.026,2021_09_02 10nm Au nanoparticles on UT C
20210902_Au_260kX_2840e_0p1596s_13.dm3,09/02/21,Au,10,Sphere,UT Carbon,Team05,453,0.026,2021_09_02 10nm Au nanoparticles on UT C
20210902_Au_260kX_2840e_0p1596s_14.dm3,09/02/21,Au,10,Sphere,UT Carbon,Team05,453,0.026,2021_09_02 10nm Au nanoparticles on UT C
20210902_Au_260kX_2840e_0p1596s_15.dm3,09/02/21,Au,10,Sphere,UT Carbon,Team05,453,0.026,2021_09_02 10nm Au nanoparticles on UT C
20210902_Au_260kX_2840e_0p1596s_16.dm3,09/02/21,Au,10,Sphere,UT Carbon,Team05,453,0.026,2021_09_02 10nm Au nanoparticles on UT C
20210902_Au_330kX_2660e_0p1596s_01.dm3,09/02/21,Au,10,Sphere,UT Carbon,Team05,425,0.02,2021_09_02 10nm Au nanoparticles on UT C
20210902_Au_330kX_2660e_0p1596s_02.dm3,09/02/21,Au,10,Sphere,UT Carbon,Team05,425,0.02,2021_09_02 10nm Au nanoparticles on UT C
20210902_Au_330kX_2660e_0p1596s_03.dm3,09/02/21,Au,10,Sphere,UT Carbon,Team05,425,0.02,2021_09_02 10nm Au nanoparticles on UT C
20210902_Au_330kX_2660e_0p1596s_04.dm3,09/02/21,Au,10,Sphere,UT Carbon,Team05,425,0.02,2021_09_02 10nm Au nanoparticles on UT C
20210902_Au_330kX_2660e_0p1596s_05.dm3,09/02/21,Au,10,Sphere,UT Carbon,Team05,425,0.02,2021_09_02 10nm Au nanoparticles on UT C
20210902_Au_330kX_2660e_0p1596s_06.dm3,09/02/21,Au,10,Sphere,UT Carbon,Team05,425,0.02,2021_09_02 10nm Au nanoparticles on UT C
20210902_Au_330kX_2660e_0p1596s_07.dm3,09/02/21,Au,10,Sphere,UT Carbon,Team05,425,0.02,2021_09_02 10nm Au nanoparticles on UT C
20210902_Au_330kX_2660e_0p1596s_08.dm3,09/02/21,Au,10,Sphere,UT Carbon,Team05,425,0.02,2021_09_02 10nm Au nanoparticles on UT C
20210902_Au_330kX_2660e_0p1596s_09.dm3,09/02/21,Au,10,Sphere,UT Carbon,Team05,425,0.02,2021_09_02 10nm Au nanoparticles on UT C
20210902_Au_330kX_2660e_0p1596s_10.dm3,09/02/21,Au,10,Sphere,UT Carbon,Team05,425,0.02,2021_09_02 10nm Au nanoparticles on UT C
20210902_Au_330kX_2660e_0p1596s_11.dm3,09/02/21,Au,10,Sphere,UT Carbon,Team05,425,0.02,2021_09_02 10nm Au nanoparticles on UT C
20210902_Au_330kX_2660e_0p1596s_12.dm3,09/02/21,Au,10,Sphere,UT Carbon,Team05,425,0.02,2021_09_02 10nm Au nanoparticles on UT C
20210902_Au_330kX_2660e_0p1596s_13.dm3,09/02/21,Au,10,Sphere,UT Carbon,Team05,425,0.02,2021_09_02 10nm Au nanoparticles on UT C
20210902_Au_330kX_2660e_0p1596s_14.dm3,09/02/21,Au,10,Sphere,UT Carbon,Team05,425,0.02,2021_09_02 10nm Au nanoparticles on UT C
20210902_Au_330kX_2660e_0p1596s_15.dm3,09/02/21,Au,10,Sphere,UT Carbon,Team05,425,0.02,2021_09_02 10nm Au nanoparticles on UT C
20211006_Au_UTC_330kx_2650e_0p1596s_01.dm3,10/06/21,Au,2.2,Sphere,UT Carbon,Team05,423,0.02,2021_10_06 2p2nm Au nanoparticles on UTC
20211006_Au_UTC_330kx_2650e_0p1596s_02.dm3,10/06/21,Au,2.2,Sphere,UT Carbon,Team05,423,0.02,2021_10_06 2p2nm Au nanoparticles on UTC
20211006_Au_UTC_330kx_2650e_0p1596s_03.dm3,10/06/21,Au,2.2,Sphere,UT Carbon,Team05,423,0.02,2021_10_06 2p2nm Au nanoparticles on UTC
20211006_Au_UTC_330kx_2650e_0p1596s_04.dm3,10/06/21,Au,2.2,Sphere,UT Carbon,Team05,423,0.02,2021_10_06 2p2nm Au nanoparticles on UTC
20211006_Au_UTC_330kx_2650e_0p1596s_05.dm3,10/06/21,Au,2.2,Sphere,UT Carbon,Team05,423,0.02,2021_10_06 2p2nm Au nanoparticles on UTC
20211006_Au_UTC_330kx_2650e_0p1596s_06.dm3,10/06/21,Au,2.2,Sphere,UT Carbon,Team05,423,0.02,2021_10_06 2p2nm Au nanoparticles on UTC
20211006_Au_UTC_330kx_2650e_0p1596s_07.dm3,10/06/21,Au,2.2,Sphere,UT Carbon,Team05,423,0.02,2021_10_06 2p2nm Au nanoparticles on UTC
20211006_Au_UTC_330kx_2650e_0p1596s_08.dm3,10/06/21,Au,2.2,Sphere,UT Carbon,Team05,423,0.02,2021_10_06 2p2nm Au nanoparticles on UTC
20211006_Au_UTC_330kx_2650e_0p1596s_09.dm3,10/06/21,Au,2.2,Sphere,UT Carbon,Team05,423,0.02,2021_10_06 2p2nm Au nanoparticles on UTC
20211006_Au_UTC_330kx_2650e_0p1596s_10.dm3,10/06/21,Au,2.2,Sphere,UT Carbon,Team05,423,0.02,2021_10_06 2p2nm Au nanoparticles on UTC
20211006_Au_UTC_330kx_2650e_0p1596s_11.dm3,10/06/21,Au,2.2,Sphere,UT Carbon,Team05,423,0.02,2021_10_06 2p2nm Au nanoparticles on UTC
20211006_Au_UTC_330kx_2650e_0p1596s_12.dm3,10/06/21,Au,2.2,Sphere,UT Carbon,Team05,423,0.02,2021_10_06 2p2nm Au nanoparticles on UTC
20211006_Au_UTC_330kx_2650e_0p1596s_13.dm3,10/06/21,Au,2.2,Sphere,UT Carbon,Team05,423,0.02,2021_10_06 2p2nm Au nanoparticles on UTC
20211006_Au_UTC_330kx_2650e_0p1596s_14.dm3,10/06/21,Au,2.2,Sphere,UT Carbon,Team05,423,0.02,2021_10_06 2p2nm Au nanoparticles on UTC
20211006_Au_UTC_160kx_1770e_0p1596s_01.dm3,10/06/21,Au,2.2,Sphere,UT Carbon,Team05,282,0.042,2021_10_06 2p2nm Au nanoparticles on UTC
20211006_Au_UTC_160kx_1770e_0p1596s_02.dm3,10/06/21,Au,2.2,Sphere,UT Carbon,Team05,282,0.042,2021_10_06 2p2nm Au nanoparticles on UTC
20211006_Au_UTC_160kx_1770e_0p1596s_03.dm3,10/06/21,Au,2.2,Sphere,UT Carbon,Team05,282,0.042,2021_10_06 2p2nm Au nanoparticles on UTC
20211006_Au_UTC_160kx_1770e_0p1596s_04.dm3,10/06/21,Au,2.2,Sphere,UT Carbon,Team05,282,0.042,2021_10_06 2p2nm Au nanoparticles on UTC
20211006_Au_UTC_205kx_2630e_0p1596s_01.dm3,10/06/21,Au,2.2,Sphere,UT Carbon,Team05,420,0.033,2021_10_06 2p2nm Au nanoparticles on UTC
20211006_Au_UTC_205kx_2630e_0p1596s_02.dm3,10/06/21,Au,2.2,Sphere,UT Carbon,Team05,420,0.033,2021_10_06 2p2nm Au nanoparticles on UTC
20211006_Au_UTC_205kx_2630e_0p1596s_03.dm3,10/06/21,Au,2.2,Sphere,UT Carbon,Team05,420,0.033,2021_10_06 2p2nm Au nanoparticles on UTC
20211006_Au_UTC_205kx_2630e_0p1596s_04.dm3,10/06/21,Au,2.2,Sphere,UT Carbon,Team05,420,0.033,2021_10_06 2p2nm Au nanoparticles on UTC
20211006_Au_UTC_205kx_2630e_0p1596s_05.dm3,10/06/21,Au,2.2,Sphere,UT Carbon,Team05,420,0.033,2021_10_06 2p2nm Au nanoparticles on UTC
20211006_Au_UTC_205kx_2630e_0p1596s_06.dm3,10/06/21,Au,2.2,Sphere,UT Carbon,Team05,420,0.033,2021_10_06 2p2nm Au nanoparticles on UTC
20211006_Au_UTC_205kx_2630e_0p1596s_07.dm3,10/06/21,Au,2.2,Sphere,UT Carbon,Team05,420,0.033,2021_10_06 2p2nm Au nanoparticles on UTC
20211006_Au_UTC_205kx_2630e_0p1596s_08.dm3,10/06/21,Au,2.2,Sphere,UT Carbon,Team05,420,0.033,2021_10_06 2p2nm Au nanoparticles on UTC
20211006_Au_UTC_205kx_2630e_0p1596s_09.dm3,10/06/21,Au,2.2,Sphere,UT Carbon,Team05,420,0.033,2021_10_06 2p2nm Au nanoparticles on UTC
20211006_Au_UTC_205kx_2630e_0p1596s_10.dm3,10/06/21,Au,2.2,Sphere,UT Carbon,Team05,420,0.033,2021_10_06 2p2nm Au nanoparticles on UTC
20211006_Au_UTC_205kx_2630e_0p1596s_11.dm3,10/06/21,Au,2.2,Sphere,UT Carbon,Team05,420,0.033,2021_10_06 2p2nm Au nanoparticles on UTC
20211006_Au_UTC_205kx_2630e_0p1596s_12.dm3,10/06/21,Au,2.2,Sphere,UT Carbon,Team05,420,0.033,2021_10_06 2p2nm Au nanoparticles on UTC
20211006_Au_UTC_205kx_2630e_0p1596s_13.dm3,10/06/21,Au,2.2,Sphere,UT Carbon,Team05,420,0.033,2021_10_06 2p2nm Au nanoparticles on UTC
20211006_Au_UTC_205kx_2630e_0p1596s_14.dm3,10/06/21,Au,2.2,Sphere,UT Carbon,Team05,420,0.033,2021_10_06 2p2nm Au nanoparticles on UTC
20211006_Au_UTC_205kx_2630e_0p1596s_15.dm3,10/06/21,Au,2.2,Sphere,UT Carbon,Team05,420,0.033,2021_10_06 2p2nm Au nanoparticles on UTC
20211006_Au_UTC_205kx_2630e_0p1596s_16.dm3,10/06/21,Au,2.2,Sphere,UT Carbon,Team05,420,0.033,2021_10_06 2p2nm Au nanoparticles on UTC
20211006_Au_UTC_205kx_2630e_0p1596s_17.dm3,10/06/21,Au,2.2,Sphere,UT Carbon,Team05,420,0.033,2021_10_06 2p2nm Au nanoparticles on UTC
20211006_Au_UTC_260kx_2760e_0p1596s_01.dm3,10/06/21,Au,2.2,Sphere,UT Carbon,Team05,440,0.026,2021_10_06 2p2nm Au nanoparticles on UTC
20211006_Au_UTC_260kx_2760e_0p1596s_02.dm3,10/06/21,Au,2.2,Sphere,UT Carbon,Team05,440,0.026,2021_10_06 2p2nm Au nanoparticles on UTC
20211006_Au_UTC_260kx_2760e_0p1596s_03.dm3,10/06/21,Au,2.2,Sphere,UT Carbon,Team05,440,0.026,2021_10_06 2p2nm Au nanoparticles on UTC
20211006_Au_UTC_260kx_2760e_0p1596s_04.dm3,10/06/21,Au,2.2,Sphere,UT Carbon,Team05,440,0.026,2021_10_06 2p2nm Au nanoparticles on UTC
20211006_Au_UTC_260kx_2760e_0p1596s_05.dm3,10/06/21,Au,2.2,Sphere,UT Carbon,Team05,440,0.026,2021_10_06 2p2nm Au nanoparticles on UTC
20211006_Au_UTC_260kx_2760e_0p1596s_06.dm3,10/06/21,Au,2.2,Sphere,UT Carbon,Team05,440,0.026,2021_10_06 2p2nm Au nanoparticles on UTC
20211006_Au_UTC_260kx_2760e_0p1596s_07.dm3,10/06/21,Au,2.2,Sphere,UT Carbon,Team05,440,0.026,2021_10_06 2p2nm Au nanoparticles on UTC
20211006_Au_UTC_260kx_2760e_0p1596s_08.dm3,10/06/21,Au,2.2,Sphere,UT Carbon,Team05,440,0.026,2021_10_06 2p2nm Au nanoparticles on UTC
20211006_Au_UTC_260kx_2760e_0p1596s_09.dm3,10/06/21,Au,2.2,Sphere,UT Carbon,Team05,440,0.026,2021_10_06 2p2nm Au nanoparticles on UTC
20211006_Au_UTC_260kx_2760e_0p1596s_10.dm3,10/06/21,Au,2.2,Sphere,UT Carbon,Team05,440,0.026,2021_10_06 2p2nm Au nanoparticles on UTC
20211006_Au_UTC_260kx_2760e_0p1596s_11.dm3,10/06/21,Au,2.2,Sphere,UT Carbon,Team05,440,0.026,2021_10_06 2p2nm Au nanoparticles on UTC
20211006_Au_UTC_260kx_2760e_0p1596s_12.dm3,10/06/21,Au,2.2,Sphere,UT Carbon,Team05,440,0.026,2021_10_06 2p2nm Au nanoparticles on UTC
20211006_Au_UTC_260kx_2760e_0p1596s_13.dm3,10/06/21,Au,2.2,Sphere,UT Carbon,Team05,440,0.026,2021_10_06 2p2nm Au nanoparticles on UTC
20211006_Au_UTC_260kx_2760e_0p1596s_14.dm3,10/06/21,Au,2.2,Sphere,UT Carbon,Team05,440,0.026,2021_10_06 2p2nm Au nanoparticles on UTC
20211006_Au_UTC_260kx_2760e_0p1596s_15.dm3,10/06/21,Au,2.2,Sphere,UT Carbon,Team05,440,0.026,2021_10_06 2p2nm Au nanoparticles on UTC
20211006_Au_UTC_260kx_2760e_0p1596s_16.dm3,10/06/21,Au,2.2,Sphere,UT Carbon,Team05,440,0.026,2021_10_06 2p2nm Au nanoparticles on UTC
20211006_Au_UTC_260kx_2760e_0p1596s_17.dm3,10/06/21,Au,2.2,Sphere,UT Carbon,Team05,440,0.026,2021_10_06 2p2nm Au nanoparticles on UTC
20211006_Au_UTC_260kx_2760e_0p1596s_18.dm3,10/06/21,Au,2.2,Sphere,UT Carbon,Team05,440,0.026,2021_10_06 2p2nm Au nanoparticles on UTC
20211006_Au_UTC_260kx_2760e_0p1596s_19.dm3,10/06/21,Au,2.2,Sphere,UT Carbon,Team05,440,0.026,2021_10_06 2p2nm Au nanoparticles on UTC
20211006_Au_UTC_260kx_2760e_0p1596s_20.dm3,10/06/21,Au,2.2,Sphere,UT Carbon,Team05,440,0.026,2021_10_06 2p2nm Au nanoparticles on UTC
20211006_Au_UTC_160kx_1800e_0p1596s_01.dm3,10/06/21,Au,20,Sphere,UT Carbon,Team05,287,0.042,2021_10_06 20nm Au nanoparticles on UTC
20211006_Au_UTC_160kx_1800e_0p1596s_02.dm3,10/06/21,Au,20,Sphere,UT Carbon,Team05,287,0.042,2021_10_06 20nm Au nanoparticles on UTC
20211006_Au_UTC_160kx_1800e_0p1596s_03.dm3,10/06/21,Au,20,Sphere,UT Carbon,Team05,287,0.042,2021_10_06 20nm Au nanoparticles on UTC
20211006_Au_UTC_160kx_1800e_0p1596s_04.dm3,10/06/21,Au,20,Sphere,UT Carbon,Team05,287,0.042,2021_10_06 20nm Au nanoparticles on UTC
20211006_Au_UTC_160kx_1800e_0p1596s_05.dm3,10/06/21,Au,20,Sphere,UT Carbon,Team05,287,0.042,2021_10_06 20nm Au nanoparticles on UTC
20211006_Au_UTC_160kx_1800e_0p1596s_06.dm3,10/06/21,Au,20,Sphere,UT Carbon,Team05,287,0.042,2021_10_06 20nm Au nanoparticles on UTC
20211006_Au_UTC_160kx_1800e_0p1596s_07.dm3,10/06/21,Au,20,Sphere,UT Carbon,Team05,287,0.042,2021_10_06 20nm Au nanoparticles on UTC
20211006_Au_UTC_160kx_1800e_0p1596s_08.dm3,10/06/21,Au,20,Sphere,UT Carbon,Team05,287,0.042,2021_10_06 20nm Au nanoparticles on UTC
20211006_Au_UTC_160kx_1800e_0p1596s_09.dm3,10/06/21,Au,20,Sphere,UT Carbon,Team05,287,0.042,2021_10_06 20nm Au nanoparticles on UTC
20211006_Au_UTC_160kx_1800e_0p1596s_10.dm3,10/06/21,Au,20,Sphere,UT Carbon,Team05,287,0.042,2021_10_06 20nm Au nanoparticles on UTC
20211006_Au_UTC_160kx_1800e_0p1596s_11.dm3,10/06/21,Au,20,Sphere,UT Carbon,Team05,287,0.042,2021_10_06 20nm Au nanoparticles on UTC
20211006_Au_UTC_160kx_1800e_0p1596s_12.dm3,10/06/21,Au,20,Sphere,UT Carbon,Team05,287,0.042,2021_10_06 20nm Au nanoparticles on UTC
20211006_Au_UTC_160kx_1800e_0p1596s_13.dm3,10/06/21,Au,20,Sphere,UT Carbon,Team05,287,0.042,2021_10_06 20nm Au nanoparticles on UTC
20211006_Au_UTC_160kx_1800e_0p1596s_14.dm3,10/06/21,Au,20,Sphere,UT Carbon,Team05,287,0.042,2021_10_06 20nm Au nanoparticles on UTC
20211006_Au_UTC_160kx_1800e_0p1596s_15.dm3,10/06/21,Au,20,Sphere,UT Carbon,Team05,287,0.042,2021_10_06 20nm Au nanoparticles on UTC
20211006_Au_UTC_205kx_2640e_0p1596s_01.dm3,10/06/21,Au,20,Sphere,UT Carbon,Team05,421,0.033,2021_10_06 20nm Au nanoparticles on UTC
20211006_Au_UTC_205kx_2640e_0p1596s_02.dm3,10/06/21,Au,20,Sphere,UT Carbon,Team05,421,0.033,2021_10_06 20nm Au nanoparticles on UTC
20211006_Au_UTC_205kx_2640e_0p1596s_03.dm3,10/06/21,Au,20,Sphere,UT Carbon,Team05,421,0.033,2021_10_06 20nm Au nanoparticles on UTC
20211006_Au_UTC_205kx_2640e_0p1596s_04.dm3,10/06/21,Au,20,Sphere,UT Carbon,Team05,421,0.033,2021_10_06 20nm Au nanoparticles on UTC
20211006_Au_UTC_205kx_2640e_0p1596s_05.dm3,10/06/21,Au,20,Sphere,UT Carbon,Team05,421,0.033,2021_10_06 20nm Au nanoparticles on UTC
20211006_Au_UTC_205kx_2640e_0p1596s_06.dm3,10/06/21,Au,20,Sphere,UT Carbon,Team05,421,0.033,2021_10_06 20nm Au nanoparticles on UTC
20211006_Au_UTC_205kx_2640e_0p1596s_07.dm3,10/06/21,Au,20,Sphere,UT Carbon,Team05,421,0.033,2021_10_06 20nm Au nanoparticles on UTC
20211006_Au_UTC_205kx_2640e_0p1596s_08.dm3,10/06/21,Au,20,Sphere,UT Carbon,Team05,421,0.033,2021_10_06 20nm Au nanoparticles on UTC
20211006_Au_UTC_205kx_2640e_0p1596s_09.dm3,10/06/21,Au,20,Sphere,UT Carbon,Team05,421,0.033,2021_10_06 20nm Au nanoparticles on UTC
20211006_Au_UTC_205kx_2640e_0p1596s_10.dm3,10/06/21,Au,20,Sphere,UT Carbon,Team05,421,0.033,2021_10_06 20nm Au nanoparticles on UTC
20211006_Au_UTC_205kx_2640e_0p1596s_11.dm3,10/06/21,Au,20,Sphere,UT Carbon,Team05,421,0.033,2021_10_06 20nm Au nanoparticles on UTC
20211006_Au_UTC_205kx_2640e_0p1596s_12.dm3,10/06/21,Au,20,Sphere,UT Carbon,Team05,421,0.033,2021_10_06 20nm Au nanoparticles on UTC
20211006_Au_UTC_205kx_2640e_0p1596s_13.dm3,10/06/21,Au,20,Sphere,UT Carbon,Team05,421,0.033,2021_10_06 20nm Au nanoparticles on UTC
20211006_Au_UTC_205kx_2640e_0p1596s_14.dm3,10/06/21,Au,20,Sphere,UT Carbon,Team05,421,0.033,2021_10_06 20nm Au nanoparticles on UTC
20211006_Au_UTC_205kx_2640e_0p1596s_15.dm3,10/06/21,Au,20,Sphere,UT Carbon,Team05,421,0.033,2021_10_06 20nm Au nanoparticles on UTC
20211006_Au_UTC_205kx_2640e_0p1596s_16.dm3,10/06/21,Au,20,Sphere,UT Carbon,Team05,421,0.033,2021_10_06 20nm Au nanoparticles on UTC
20211006_Au_UTC_205kx_2640e_0p1596s_17.dm3,10/06/21,Au,20,Sphere,UT Carbon,Team05,421,0.033,2021_10_06 20nm Au nanoparticles on UTC
20211006_Au_UTC_330kx_2650e_0p1596s_01.dm3,10/06/21,Au,20,Sphere,UT Carbon,Team05,423,0.02,2021_10_06 20nm Au nanoparticles on UTC
20211006_Au_UTC_330kx_2650e_0p1596s_02.dm3,10/06/21,Au,20,Sphere,UT Carbon,Team05,423,0.02,2021_10_06 20nm Au nanoparticles on UTC
20211006_Au_UTC_330kx_2650e_0p1596s_03.dm3,10/06/21,Au,20,Sphere,UT Carbon,Team05,423,0.02,2021_10_06 20nm Au nanoparticles on UTC
20211006_Au_UTC_330kx_2650e_0p1596s_04.dm3,10/06/21,Au,20,Sphere,UT Carbon,Team05,423,0.02,2021_10_06 20nm Au nanoparticles on UTC
20211006_Au_UTC_330kx_2650e_0p1596s_05.dm3,10/06/21,Au,20,Sphere,UT Carbon,Team05,423,0.02,2021_10_06 20nm Au nanoparticles on UTC
20211006_Au_UTC_330kx_2650e_0p1596s_06.dm3,10/06/21,Au,20,Sphere,UT Carbon,Team05,423,0.02,2021_10_06 20nm Au nanoparticles on UTC
20211006_Au_UTC_330kx_2650e_0p1596s_07.dm3,10/06/21,Au,20,Sphere,UT Carbon,Team05,423,0.02,2021_10_06 20nm Au nanoparticles on UTC
20211006_Au_UTC_330kx_2650e_0p1596s_2k_01.dm3,10/06/21,Au,5,Sphere,UT Carbon,Team05,423,0.04,2021_10_06 5nm Au nanoparticles on UTC
20211006_Au_UTC_330kx_2650e_0p1596s_2k_02.dm3,10/06/21,Au,5,Sphere,UT Carbon,Team05,423,0.04,2021_10_06 5nm Au nanoparticles on UTC
20211006_Au_UTC_330kx_2650e_0p1596s_2k_03.dm3,10/06/21,Au,5,Sphere,UT Carbon,Team05,423,0.04,2021_10_06 5nm Au nanoparticles on UTC
20211006_Au_UTC_330kx_2650e_0p1596s_2k_04.dm3,10/06/21,Au,5,Sphere,UT Carbon,Team05,423,0.04,2021_10_06 5nm Au nanoparticles on UTC
20211006_Au_UTC_330kx_2650e_0p1596s_2k_05.dm3,10/06/21,Au,5,Sphere,UT Carbon,Team05,423,0.04,2021_10_06 5nm Au nanoparticles on UTC
20211006_Au_UTC_330kx_2650e_0p1596s_2k_06.dm3,10/06/21,Au,5,Sphere,UT Carbon,Team05,423,0.04,2021_10_06 5nm Au nanoparticles on UTC
20211006_Au_UTC_330kx_2650e_0p1596s_2k_07.dm3,10/06/21,Au,5,Sphere,UT Carbon,Team05,423,0.04,2021_10_06 5nm Au nanoparticles on UTC
20211006_Au_UTC_330kx_2650e_0p1596s_2k_08.dm3,10/06/21,Au,5,Sphere,UT Carbon,Team05,423,0.04,2021_10_06 5nm Au nanoparticles on UTC
20211006_Au_UTC_330kx_2650e_0p1596s_2k_09.dm3,10/06/21,Au,5,Sphere,UT Carbon,Team05,423,0.04,2021_10_06 5nm Au nanoparticles on UTC
20211006_Au_UTC_330kx_2650e_0p1596s_2k_10.dm3,10/06/21,Au,5,Sphere,UT Carbon,Team05,423,0.04,2021_10_06 5nm Au nanoparticles on UTC
20211006_Au_UTC_330kx_2650e_0p1596s_2k_11.dm3,10/06/21,Au,5,Sphere,UT Carbon,Team05,423,0.04,2021_10_06 5nm Au nanoparticles on UTC
20211006_Au_UTC_330kx_2650e_0p1596s_2k_12.dm3,10/06/21,Au,5,Sphere,UT Carbon,Team05,423,0.04,2021_10_06 5nm Au nanoparticles on UTC
20211006_Au_UTC_330kx_2650e_0p1596s_2k_13.dm3,10/06/21,Au,5,Sphere,UT Carbon,Team05,423,0.04,2021_10_06 5nm Au nanoparticles on UTC
20211006_Au_UTC_330kx_2650e_0p1596s_2k_14.dm3,10/06/21,Au,5,Sphere,UT Carbon,Team05,423,0.04,2021_10_06 5nm Au nanoparticles on UTC
20211006_Au_UTC_330kx_2650e_0p1596s_2k_15.dm3,10/06/21,Au,5,Sphere,UT Carbon,Team05,423,0.04,2021_10_06 5nm Au nanoparticles on UTC
20211006_Au_UTC_330kx_2650e_0p1596s_2k_16.dm3,10/06/21,Au,5,Sphere,UT Carbon,Team05,423,0.04,2021_10_06 5nm Au nanoparticles on UTC
20211006_Au_UTC_330kx_2650e_0p1596s_2k_17.dm3,10/06/21,Au,5,Sphere,UT Carbon,Team05,423,0.04,2021_10_06 5nm Au nanoparticles on UTC
20211006_Au_UTC_330kx_2650e_0p1596s_2k_18.dm3,10/06/21,Au,5,Sphere,UT Carbon,Team05,423,0.04,2021_10_06 5nm Au nanoparticles on UTC
20211006_Au_UTC_330kx_2650e_0p1596s_2k_19.dm3,10/06/21,Au,5,Sphere,UT Carbon,Team05,423,0.04,2021_10_06 5nm Au nanoparticles on UTC
20211006_Au_UTC_330kx_2650e_0p1596s_2k_20.dm3,10/06/21,Au,5,Sphere,UT Carbon,Team05,423,0.04,2021_10_06 5nm Au nanoparticles on UTC
20211006_Au_UTC_160kx_1330e_0p3192s_01.dm3,10/06/21,Au,5,Sphere,UT Carbon,Team05,425,0.042,2021_10_06 5nm Au nanoparticles on UTC
20211006_Au_UTC_160kx_1330e_0p3192s_02.dm3,10/06/21,Au,5,Sphere,UT Carbon,Team05,425,0.042,2021_10_06 5nm Au nanoparticles on UTC
20211006_Au_UTC_160kx_1330e_0p3192s_03.dm3,10/06/21,Au,5,Sphere,UT Carbon,Team05,425,0.042,2021_10_06 5nm Au nanoparticles on UTC
20211006_Au_UTC_160kx_1330e_0p3192s_04.dm3,10/06/21,Au,5,Sphere,UT Carbon,Team05,425,0.042,2021_10_06 5nm Au nanoparticles on UTC
20211006_Au_UTC_160kx_1330e_0p3192s_05.dm3,10/06/21,Au,5,Sphere,UT Carbon,Team05,425,0.042,2021_10_06 5nm Au nanoparticles on UTC
20211006_Au_UTC_160kx_1330e_0p3192s_06.dm3,10/06/21,Au,5,Sphere,UT Carbon,Team05,425,0.042,2021_10_06 5nm Au nanoparticles on UTC
20211006_Au_UTC_160kx_1330e_0p3192s_07.dm3,10/06/21,Au,5,Sphere,UT Carbon,Team05,425,0.042,2021_10_06 5nm Au nanoparticles on UTC
20211006_Au_UTC_160kx_1330e_0p3192s_08.dm3,10/06/21,Au,5,Sphere,UT Carbon,Team05,425,0.042,2021_10_06 5nm Au nanoparticles on UTC
20211006_Au_UTC_160kx_1330e_0p3192s_09.dm3,10/06/21,Au,5,Sphere,UT Carbon,Team05,425,0.042,2021_10_06 5nm Au nanoparticles on UTC
20211006_Au_UTC_260kx_2820e_0p1596s_01.dm3,10/06/21,Au,5,Sphere,UT Carbon,Team05,450,0.026,2021_10_06 5nm Au nanoparticles on UTC
20211006_Au_UTC_260kx_2820e_0p1596s_02.dm3,10/06/21,Au,5,Sphere,UT Carbon,Team05,450,0.026,2021_10_06 5nm Au nanoparticles on UTC
20211006_Au_UTC_260kx_2820e_0p1596s_03.dm3,10/06/21,Au,5,Sphere,UT Carbon,Team05,450,0.026,2021_10_06 5nm Au nanoparticles on UTC
20211006_Au_UTC_260kx_2820e_0p1596s_04.dm3,10/06/21,Au,5,Sphere,UT Carbon,Team05,450,0.026,2021_10_06 5nm Au nanoparticles on UTC
20211006_Au_UTC_260kx_2820e_0p1596s_05.dm3,10/06/21,Au,5,Sphere,UT Carbon,Team05,450,0.026,2021_10_06 5nm Au nanoparticles on UTC
20211006_Au_UTC_260kx_2820e_0p1596s_06.dm3,10/06/21,Au,5,Sphere,UT Carbon,Team05,450,0.026,2021_10_06 5nm Au nanoparticles on UTC
20211006_Au_UTC_260kx_2820e_0p1596s_07.dm3,10/06/21,Au,5,Sphere,UT Carbon,Team05,450,0.026,2021_10_06 5nm Au nanoparticles on UTC
20211006_Au_UTC_260kx_2820e_0p1596s_08.dm3,10/06/21,Au,5,Sphere,UT Carbon,Team05,450,0.026,2021_10_06 5nm Au nanoparticles on UTC
20211006_Au_UTC_260kx_2820e_0p1596s_09.dm3,10/06/21,Au,5,Sphere,UT Carbon,Team05,450,0.026,2021_10_06 5nm Au nanoparticles on UTC
20211006_Au_UTC_260kx_2820e_0p1596s_10.dm3,10/06/21,Au,5,Sphere,UT Carbon,Team05,450,0.026,2021_10_06 5nm Au nanoparticles on UTC
20211006_Au_UTC_330kx_2650e_0p1596s_02.dm3,10/06/21,Au,5,Sphere,UT Carbon,Team05,423,0.02,2021_10_06 5nm Au nanoparticles on UTC
20211006_Au_UTC_330kx_2650e_0p1596s_03.dm3,10/06/21,Au,5,Sphere,UT Carbon,Team05,423,0.02,2021_10_06 5nm Au nanoparticles on UTC
20211006_Au_UTC_330kx_2650e_0p1596s_04.dm3,10/06/21,Au,5,Sphere,UT Carbon,Team05,423,0.02,2021_10_06 5nm Au nanoparticles on UTC
20211006_Au_UTC_330kx_2650e_0p1596s_05.dm3,10/06/21,Au,5,Sphere,UT Carbon,Team05,423,0.02,2021_10_06 5nm Au nanoparticles on UTC
20211006_Au_UTC_330kx_2650e_0p1596s_06.dm3,10/06/21,Au,5,Sphere,UT Carbon,Team05,423,0.02,2021_10_06 5nm Au nanoparticles on UTC
20211006_Au_UTC_330kx_2650e_0p1596s_07.dm3,10/06/21,Au,5,Sphere,UT Carbon,Team05,423,0.02,2021_10_06 5nm Au nanoparticles on UTC
20211006_Au_UTC_330kx_2650e_0p1596s_08.dm3,10/06/21,Au,5,Sphere,UT Carbon,Team05,423,0.02,2021_10_06 5nm Au nanoparticles on UTC
20211006_Au_UTC_330kx_2650e_0p1596s_09.dm3,10/06/21,Au,5,Sphere,UT Carbon,Team05,423,0.02,2021_10_06 5nm Au nanoparticles on UTC
20211006_Au_UTC_330kx_2650e_0p1596s_10.dm3,10/06/21,Au,5,Sphere,UT Carbon,Team05,423,0.02,2021_10_06 5nm Au nanoparticles on UTC
20211006_Au_UTC_330kx_2650e_0p1596s_11.dm3,10/06/21,Au,5,Sphere,UT Carbon,Team05,423,0.02,2021_10_06 5nm Au nanoparticles on UTC
20211006_Au_UTC_330kx_2650e_0p1596s_12.dm3,10/06/21,Au,5,Sphere,UT Carbon,Team05,423,0.02,2021_10_06 5nm Au nanoparticles on UTC
20211006_Au_UTC_330kx_2650e_0p1596s_13.dm3,10/06/21,Au,5,Sphere,UT Carbon,Team05,423,0.02,2021_10_06 5nm Au nanoparticles on UTC
20211006_Au_UTC_330kx_2650e_0p1596s_14.dm3,10/06/21,Au,5,Sphere,UT Carbon,Team05,423,0.02,2021_10_06 5nm Au nanoparticles on UTC
20211006_Au_UTC_330kx_2650e_0p1596s_15.dm3,10/06/21,Au,5,Sphere,UT Carbon,Team05,423,0.02,2021_10_06 5nm Au nanoparticles on UTC
20211006_Au_UTC_330kx_2650e_0p1596s_01.dm3,10/06/21,Au,5,Sphere,UT Carbon,Team05,423,0.02,2021_10_06 5nm Au nanoparticles on UTC
20211006_Au_UTC_330kx_2630e_0p3192s_01.dm3,10/06/21,Au,5,Sphere,UT Carbon,Team05,840,0.02,2021_10_06 5nm Au nanoparticles on UTC
20211006_Au_UTC_330kx_2630e_0p3192s_02.dm3,10/06/21,Au,5,Sphere,UT Carbon,Team05,840,0.02,2021_10_06 5nm Au nanoparticles on UTC
20211006_Au_UTC_330kx_2630e_0p3192s_03.dm3,10/06/21,Au,5,Sphere,UT Carbon,Team05,840,0.02,2021_10_06 5nm Au nanoparticles on UTC
20211006_Au_UTC_330kx_2630e_0p3192s_04.dm3,10/06/21,Au,5,Sphere,UT Carbon,Team05,840,0.02,2021_10_06 5nm Au nanoparticles on UTC
20211006_Au_UTC_330kx_2630e_0p3192s_05.dm3,10/06/21,Au,5,Sphere,UT Carbon,Team05,840,0.02,2021_10_06 5nm Au nanoparticles on UTC
20211006_Au_UTC_330kx_2630e_0p3192s_06.dm3,10/06/21,Au,5,Sphere,UT Carbon,Team05,840,0.02,2021_10_06 5nm Au nanoparticles on UTC
20211006_Au_UTC_330kx_2630e_0p3192s_07.dm3,10/06/21,Au,5,Sphere,UT Carbon,Team05,840,0.02,2021_10_06 5nm Au nanoparticles on UTC
20211006_Au_UTC_330kx_2630e_0p3192s_08.dm3,10/06/21,Au,5,Sphere,UT Carbon,Team05,840,0.02,2021_10_06 5nm Au nanoparticles on UTC
20211006_Au_UTC_330kx_2630e_0p3192s_09.dm3,10/06/21,Au,5,Sphere,UT Carbon,Team05,840,0.02,2021_10_06 5nm Au nanoparticles on UTC
20211006_Au_UTC_330kx_2630e_0p3192s_10.dm3,10/06/21,Au,5,Sphere,UT Carbon,Team05,840,0.02,2021_10_06 5nm Au nanoparticles on UTC
20211006_Au_UTC_330kx_2630e_0p3192s_11.dm3,10/06/21,Au,5,Sphere,UT Carbon,Team05,840,0.02,2021_10_06 5nm Au nanoparticles on UTC
20211006_Au_UTC_330kx_2630e_0p3192s_12.dm3,10/06/21,Au,5,Sphere,UT Carbon,Team05,840,0.02,2021_10_06 5nm Au nanoparticles on UTC
20211006_Au_UTC_330kx_2630e_0p3192s_13.dm3,10/06/21,Au,5,Sphere,UT Carbon,Team05,840,0.02,2021_10_06 5nm Au nanoparticles on UTC
20211006_Au_UTC_330kx_2630e_0p3192s_14.dm3,10/06/21,Au,5,Sphere,UT Carbon,Team05,840,0.02,2021_10_06 5nm Au nanoparticles on UTC
20211006_Au_UTC_330kx_2630e_0p3192s_15.dm3,10/06/21,Au,5,Sphere,UT Carbon,Team05,840,0.02,2021_10_06 5nm Au nanoparticles on UTC
20220202_Ag_UTC_330kx_2650e_0p1596s_01.dm3,02/02/22,Ag,5,Sphere,UT Carbon,Team05,423,0.02,2022_02_02 5nm Ag nanoparticles on UTC
20220202_Ag_UTC_330kx_2650e_0p1596s_02.dm3,02/02/22,Ag,5,Sphere,UT Carbon,Team05,423,0.02,2022_02_02 5nm Ag nanoparticles on UTC
20220202_Ag_UTC_330kx_2650e_0p1596s_03.dm3,02/02/22,Ag,5,Sphere,UT Carbon,Team05,423,0.02,2022_02_02 5nm Ag nanoparticles on UTC
20220202_Ag_UTC_330kx_2650e_0p1596s_04.dm3,02/02/22,Ag,5,Sphere,UT Carbon,Team05,423,0.02,2022_02_02 5nm Ag nanoparticles on UTC
20220202_Ag_UTC_330kx_2650e_0p1596s_05.dm3,02/02/22,Ag,5,Sphere,UT Carbon,Team05,423,0.02,2022_02_02 5nm Ag nanoparticles on UTC
20220202_Ag_UTC_330kx_2650e_0p1596s_06.dm3,02/02/22,Ag,5,Sphere,UT Carbon,Team05,423,0.02,2022_02_02 5nm Ag nanoparticles on UTC
20220202_Ag_UTC_330kx_2650e_0p1596s_07.dm3,02/02/22,Ag,5,Sphere,UT Carbon,Team05,423,0.02,2022_02_02 5nm Ag nanoparticles on UTC
20220202_Ag_UTC_330kx_2650e_0p1596s_08.dm3,02/02/22,Ag,5,Sphere,UT Carbon,Team05,423,0.02,2022_02_02 5nm Ag nanoparticles on UTC
20220202_Ag_UTC_330kx_2650e_0p1596s_09.dm3,02/02/22,Ag,5,Sphere,UT Carbon,Team05,423,0.02,2022_02_02 5nm Ag nanoparticles on UTC
20220202_Ag_UTC_330kx_2650e_0p1596s_10.dm3,02/02/22,Ag,5,Sphere,UT Carbon,Team05,423,0.02,2022_02_02 5nm Ag nanoparticles on UTC
20220202_Ag_UTC_330kx_2650e_0p1596s_11.dm3,02/02/22,Ag,5,Sphere,UT Carbon,Team05,423,0.02,2022_02_02 5nm Ag nanoparticles on UTC
20220202_Ag_UTC_330kx_2650e_0p1596s_12.dm3,02/02/22,Ag,5,Sphere,UT Carbon,Team05,423,0.02,2022_02_02 5nm Ag nanoparticles on UTC
20220202_Ag_UTC_330kx_2650e_0p1596s_13.dm3,02/02/22,Ag,5,Sphere,UT Carbon,Team05,423,0.02,2022_02_02 5nm Ag nanoparticles on UTC
20220202_Ag_UTC_330kx_2650e_0p1596s_14.dm3,02/02/22,Ag,5,Sphere,UT Carbon,Team05,423,0.02,2022_02_02 5nm Ag nanoparticles on UTC
20220202_Ag_UTC_160kx_1310e_0p3192s_01.dm3,02/02/22,Ag,5,Sphere,UT Carbon,Team05,418,0.042,2022_02_02 5nm Ag nanoparticles on UTC
20220202_Ag_UTC_160kx_1310e_0p3192s_02.dm3,02/02/22,Ag,5,Sphere,UT Carbon,Team05,418,0.042,2022_02_02 5nm Ag nanoparticles on UTC
20220202_Ag_UTC_160kx_1310e_0p3192s_03.dm3,02/02/22,Ag,5,Sphere,UT Carbon,Team05,418,0.042,2022_02_02 5nm Ag nanoparticles on UTC
20220202_Ag_UTC_205kx_2630e_0p1596s_01.dm3,02/02/22,Ag,5,Sphere,UT Carbon,Team05,420,0.033,2022_02_02 5nm Ag nanoparticles on UTC
20220202_Ag_UTC_205kx_2630e_0p1596s_02.dm3,02/02/22,Ag,5,Sphere,UT Carbon,Team05,420,0.033,2022_02_02 5nm Ag nanoparticles on UTC
20220202_Ag_UTC_205kx_2630e_0p1596s_03.dm3,02/02/22,Ag,5,Sphere,UT Carbon,Team05,420,0.033,2022_02_02 5nm Ag nanoparticles on UTC
20220202_Ag_UTC_205kx_2630e_0p1596s_04.dm3,02/02/22,Ag,5,Sphere,UT Carbon,Team05,420,0.033,2022_02_02 5nm Ag nanoparticles on UTC
20220202_Ag_UTC_205kx_2630e_0p1596s_05.dm3,02/02/22,Ag,5,Sphere,UT Carbon,Team05,420,0.033,2022_02_02 5nm Ag nanoparticles on UTC
20220202_Ag_UTC_205kx_2630e_0p1596s_06.dm3,02/02/22,Ag,5,Sphere,UT Carbon,Team05,420,0.033,2022_02_02 5nm Ag nanoparticles on UTC
20220202_Ag_UTC_205kx_2630e_0p1596s_07.dm3,02/02/22,Ag,5,Sphere,UT Carbon,Team05,420,0.033,2022_02_02 5nm Ag nanoparticles on UTC
20220202_Ag_UTC_205kx_2630e_0p1596s_08.dm3,02/02/22,Ag,5,Sphere,UT Carbon,Team05,420,0.033,2022_02_02 5nm Ag nanoparticles on UTC
20220202_Ag_UTC_205kx_2630e_0p1596s_09.dm3,02/02/22,Ag,5,Sphere,UT Carbon,Team05,420,0.033,2022_02_02 5nm Ag nanoparticles on UTC
20220202_Ag_UTC_205kx_2630e_0p1596s_10.dm3,02/02/22,Ag,5,Sphere,UT Carbon,Team05,420,0.033,2022_02_02 5nm Ag nanoparticles on UTC
20220202_Ag_UTC_205kx_2630e_0p1596s_11.dm3,02/02/22,Ag,5,Sphere,UT Carbon,Team05,420,0.033,2022_02_02 5nm Ag nanoparticles on UTC
20220202_Ag_UTC_260kx_2800e_0p1596s_01.dm3,02/02/22,Ag,5,Sphere,UT Carbon,Team05,447,0.026,2022_02_02 5nm Ag nanoparticles on UTC
20220202_Ag_UTC_260kx_2800e_0p1596s_02.dm3,02/02/22,Ag,5,Sphere,UT Carbon,Team05,447,0.026,2022_02_02 5nm Ag nanoparticles on UTC
20220202_Ag_UTC_260kx_2800e_0p1596s_03.dm3,02/02/22,Ag,5,Sphere,UT Carbon,Team05,447,0.026,2022_02_02 5nm Ag nanoparticles on UTC
20220202_Ag_UTC_260kx_2800e_0p1596s_04.dm3,02/02/22,Ag,5,Sphere,UT Carbon,Team05,447,0.026,2022_02_02 5nm Ag nanoparticles on UTC
20220202_Ag_UTC_260kx_2800e_0p1596s_05.dm3,02/02/22,Ag,5,Sphere,UT Carbon,Team05,447,0.026,2022_02_02 5nm Ag nanoparticles on UTC
20220202_Ag_UTC_260kx_2800e_0p1596s_06.dm3,02/02/22,Ag,5,Sphere,UT Carbon,Team05,447,0.026,2022_02_02 5nm Ag nanoparticles on UTC
20220202_Ag_UTC_260kx_2800e_0p1596s_07.dm3,02/02/22,Ag,5,Sphere,UT Carbon,Team05,447,0.026,2022_02_02 5nm Ag nanoparticles on UTC
20220202_Ag_UTC_260kx_2800e_0p1596s_08.dm3,02/02/22,Ag,5,Sphere,UT Carbon,Team05,447,0.026,2022_02_02 5nm Ag nanoparticles on UTC
20220202_Ag_UTC_260kx_2800e_0p1596s_09.dm3,02/02/22,Ag,5,Sphere,UT Carbon,Team05,447,0.026,2022_02_02 5nm Ag nanoparticles on UTC
20220202_Ag_UTC_260kx_2800e_0p1596s_10.dm3,02/02/22,Ag,5,Sphere,UT Carbon,Team05,447,0.026,2022_02_02 5nm Ag nanoparticles on UTC
20220202_Ag_UTC_260kx_2800e_0p1596s_11.dm3,02/02/22,Ag,5,Sphere,UT Carbon,Team05,447,0.026,2022_02_02 5nm Ag nanoparticles on UTC
20220202_Ag_UTC_260kx_2800e_0p1596s_12.dm3,02/02/22,Ag,5,Sphere,UT Carbon,Team05,447,0.026,2022_02_02 5nm Ag nanoparticles on UTC
20220615_Au_UTC_330kx_1000e_0p0798s_01.dm3,06/15/22,Au,5,Sphere,UT Carbon,Team05,80,0.02,2022_06_15 5nm Au nanoparticle on UTC noise series
20220615_Au_UTC_330kx_1000e_0p0798s_02.dm3,06/15/22,Au,5,Sphere,UT Carbon,Team05,80,0.02,2022_06_15 5nm Au nanoparticle on UTC noise series
20220615_Au_UTC_330kx_1000e_0p0798s_03.dm3,06/15/22,Au,5,Sphere,UT Carbon,Team05,80,0.02,2022_06_15 5nm Au nanoparticle on UTC noise series
20220615_Au_UTC_330kx_1000e_0p0798s_04.dm3,06/15/22,Au,5,Sphere,UT Carbon,Team05,80,0.02,2022_06_15 5nm Au nanoparticle on UTC noise series
20220615_Au_UTC_330kx_1000e_0p0798s_05.dm3,06/15/22,Au,5,Sphere,UT Carbon,Team05,80,0.02,2022_06_15 5nm Au nanoparticle on UTC noise series
20220615_Au_UTC_330kx_1000e_0p0798s_06.dm3,06/15/22,Au,5,Sphere,UT Carbon,Team05,80,0.02,2022_06_15 5nm Au nanoparticle on UTC noise series
20220615_Au_UTC_330kx_1000e_0p0798s_07.dm3,06/15/22,Au,5,Sphere,UT Carbon,Team05,80,0.02,2022_06_15 5nm Au nanoparticle on UTC noise series
20220615_Au_UTC_330kx_1000e_0p0798s_08.dm3,06/15/22,Au,5,Sphere,UT Carbon,Team05,80,0.02,2022_06_15 5nm Au nanoparticle on UTC noise series
20220615_Au_UTC_330kx_1000e_0p0798s_09.dm3,06/15/22,Au,5,Sphere,UT Carbon,Team05,80,0.02,2022_06_15 5nm Au nanoparticle on UTC noise series
20220615_Au_UTC_330kx_1000e_0p0798s_10.dm3,06/15/22,Au,5,Sphere,UT Carbon,Team05,80,0.02,2022_06_15 5nm Au nanoparticle on UTC noise series
20220615_Au_UTC_330kx_2770e_0p3192s_01.dm3,06/15/22,Au,5,Sphere,UT Carbon,Team05,884,0.02,2022_06_15 5nm Au nanoparticle on UTC noise series
20220615_Au_UTC_330kx_2770e_0p3192s_02.dm3,06/15/22,Au,5,Sphere,UT Carbon,Team05,884,0.02,2022_06_15 5nm Au nanoparticle on UTC noise series
20220615_Au_UTC_330kx_2770e_0p3192s_03.dm3,06/15/22,Au,5,Sphere,UT Carbon,Team05,884,0.02,2022_06_15 5nm Au nanoparticle on UTC noise series
20220615_Au_UTC_330kx_2770e_0p3192s_04.dm3,06/15/22,Au,5,Sphere,UT Carbon,Team05,884,0.02,2022_06_15 5nm Au nanoparticle on UTC noise series
20220615_Au_UTC_330kx_2770e_0p3192s_05.dm3,06/15/22,Au,5,Sphere,UT Carbon,Team05,884,0.02,2022_06_15 5nm Au nanoparticle on UTC noise series
20220615_Au_UTC_330kx_2770e_0p3192s_06.dm3,06/15/22,Au,5,Sphere,UT Carbon,Team05,884,0.02,2022_06_15 5nm Au nanoparticle on UTC noise series
20220615_Au_UTC_330kx_2770e_0p3192s_07.dm3,06/15/22,Au,5,Sphere,UT Carbon,Team05,884,0.02,2022_06_15 5nm Au nanoparticle on UTC noise series
20220615_Au_UTC_330kx_2770e_0p3192s_08.dm3,06/15/22,Au,5,Sphere,UT Carbon,Team05,884,0.02,2022_06_15 5nm Au nanoparticle on UTC noise series
20220615_Au_UTC_330kx_2770e_0p3192s_09.dm3,06/15/22,Au,5,Sphere,UT Carbon,Team05,884,0.02,2022_06_15 5nm Au nanoparticle on UTC noise series
20220615_Au_UTC_330kx_2770e_0p3192s_10.dm3,06/15/22,Au,5,Sphere,UT Carbon,Team05,884,0.02,2022_06_15 5nm Au nanoparticle on UTC noise series
20220615_Au_UTC_330kx_2770e_0p3192s_11.dm3,06/15/22,Au,5,Sphere,UT Carbon,Team05,884,0.02,2022_06_15 5nm Au nanoparticle on UTC noise series
20220615_Au_UTC_330kx_2770e_0p3192s_12.dm3,06/15/22,Au,5,Sphere,UT Carbon,Team05,884,0.02,2022_06_15 5nm Au nanoparticle on UTC noise series
20220615_Au_UTC_330kx_2770e_0p3192s_13.dm3,06/15/22,Au,5,Sphere,UT Carbon,Team05,884,0.02,2022_06_15 5nm Au nanoparticle on UTC noise series
20221025_Au_UTC_330kx_2660e_0p1596s_01.dm3,10/25/22,Au,5,Sphere,UT Carbon,Team05,425,0.02,2022_10_25 5nm Au nanoparticles on UTC
20221025_Au_UTC_330kx_2660e_0p1596s_02.dm3,10/25/22,Au,5,Sphere,UT Carbon,Team05,425,0.02,2022_10_25 5nm Au nanoparticles on UTC
20221025_Au_UTC_330kx_2660e_0p1596s_03.dm3,10/25/22,Au,5,Sphere,UT Carbon,Team05,425,0.02,2022_10_25 5nm Au nanoparticles on UTC
20221025_Au_UTC_330kx_2660e_0p1596s_04.dm3,10/25/22,Au,5,Sphere,UT Carbon,Team05,425,0.02,2022_10_25 5nm Au nanoparticles on UTC
20221025_Au_UTC_330kx_2660e_0p1596s_05.dm3,10/25/22,Au,5,Sphere,UT Carbon,Team05,425,0.02,2022_10_25 5nm Au nanoparticles on UTC
20221025_Au_UTC_330kx_2660e_0p1596s_06.dm3,10/25/22,Au,5,Sphere,UT Carbon,Team05,425,0.02,2022_10_25 5nm Au nanoparticles on UTC
20221025_Au_UTC_330kx_2660e_0p1596s_07.dm3,10/25/22,Au,5,Sphere,UT Carbon,Team05,425,0.02,2022_10_25 5nm Au nanoparticles on UTC
20221025_Au_UTC_330kx_2660e_0p1596s_08.dm3,10/25/22,Au,5,Sphere,UT Carbon,Team05,425,0.02,2022_10_25 5nm Au nanoparticles on UTC
20221025_Au_UTC_330kx_2660e_0p1596s_09.dm3,10/25/22,Au,5,Sphere,UT Carbon,Team05,425,0.02,2022_10_25 5nm Au nanoparticles on UTC
20221025_Au_UTC_330kx_2660e_0p1596s_10.dm3,10/25/22,Au,5,Sphere,UT Carbon,Team05,425,0.02,2022_10_25 5nm Au nanoparticles on UTC
20221025_Au_UTC_330kx_2660e_0p1596s_11.dm3,10/25/22,Au,5,Sphere,UT Carbon,Team05,425,0.02,2022_10_25 5nm Au nanoparticles on UTC
20221025_Au_UTC_330kx_2660e_0p1596s_12.dm3,10/25/22,Au,5,Sphere,UT Carbon,Team05,425,0.02,2022_10_25 5nm Au nanoparticles on UTC
20221109_Au_UTC_330kx_2640e_0p1596s_02.dm3,11/09/22,Au,5,Sphere,UT Carbon,Team05,421,0.02,2022_11_09 5nm Au nanoparticles on UTC
20221109_Au_UTC_330kx_2640e_0p1596s_03.dm3,11/09/22,Au,5,Sphere,UT Carbon,Team05,421,0.02,2022_11_09 5nm Au nanoparticles on UTC
20221109_Au_UTC_330kx_2640e_0p1596s_04.dm3,11/09/22,Au,5,Sphere,UT Carbon,Team05,421,0.02,2022_11_09 5nm Au nanoparticles on UTC
20221109_Au_UTC_330kx_2640e_0p1596s_05.dm3,11/09/22,Au,5,Sphere,UT Carbon,Team05,421,0.02,2022_11_09 5nm Au nanoparticles on UTC
20221109_Au_UTC_330kx_2640e_0p1596s_06.dm3,11/09/22,Au,5,Sphere,UT Carbon,Team05,421,0.02,2022_11_09 5nm Au nanoparticles on UTC
20221109_Au_UTC_330kx_2640e_0p1596s_07.dm3,11/09/22,Au,5,Sphere,UT Carbon,Team05,421,0.02,2022_11_09 5nm Au nanoparticles on UTC
20221109_Au_UTC_330kx_2640e_0p1596s_08.dm3,11/09/22,Au,5,Sphere,UT Carbon,Team05,421,0.02,2022_11_09 5nm Au nanoparticles on UTC
20221109_Au_UTC_330kx_2640e_0p1596s_09.dm3,11/09/22,Au,5,Sphere,UT Carbon,Team05,421,0.02,2022_11_09 5nm Au nanoparticles on UTC
20221109_Au_UTC_330kx_2640e_0p1596s_10.dm3,11/09/22,Au,5,Sphere,UT Carbon,Team05,421,0.02,2022_11_09 5nm Au nanoparticles on UTC
20221109_Au_UTC_330kx_2640e_0p1596s_11.dm3,11/09/22,Au,5,Sphere,UT Carbon,Team05,421,0.02,2022_11_09 5nm Au nanoparticles on UTC
20221109_Au_UTC_330kx_2640e_0p1596s_12.dm3,11/09/22,Au,5,Sphere,UT Carbon,Team05,421,0.02,2022_11_09 5nm Au nanoparticles on UTC
20221109_Au_UTC_330kx_2640e_0p1596s_13.dm3,11/09/22,Au,5,Sphere,UT Carbon,Team05,421,0.02,2022_11_09 5nm Au nanoparticles on UTC
20221109_Au_UTC_330kx_2640e_0p1596s_14.dm3,11/09/22,Au,5,Sphere,UT Carbon,Team05,421,0.02,2022_11_09 5nm Au nanoparticles on UTC
20221109_Au_UTC_330kx_2640e_0p1596s_15.dm3,11/09/22,Au,5,Sphere,UT Carbon,Team05,421,0.02,2022_11_09 5nm Au nanoparticles on UTC
20230123_CdSe_UTC_330kx_2640e_0p1596s_01.dm3,01/23/23,CdSe,5,Oblong,UT Carbon,Team05,421,0.02,2023_01_23 5nm CdSe nanoparticles on UTC
20230123_CdSe_UTC_330kx_2640e_0p1596s_02.dm3,01/23/23,CdSe,5,Oblong,UT Carbon,Team05,421,0.02,2023_01_23 5nm CdSe nanoparticles on UTC
20230123_CdSe_UTC_330kx_2640e_0p1596s_03.dm3,01/23/23,CdSe,5,Oblong,UT Carbon,Team05,421,0.02,2023_01_23 5nm CdSe nanoparticles on UTC
20230123_CdSe_UTC_330kx_2640e_0p1596s_04.dm3,01/23/23,CdSe,5,Oblong,UT Carbon,Team05,421,0.02,2023_01_23 5nm CdSe nanoparticles on UTC
20230123_CdSe_UTC_330kx_2640e_0p1596s_05.dm3,01/23/23,CdSe,5,Oblong,UT Carbon,Team05,421,0.02,2023_01_23 5nm CdSe nanoparticles on UTC
20230123_CdSe_UTC_330kx_2640e_0p1596s_06.dm3,01/23/23,CdSe,5,Oblong,UT Carbon,Team05,421,0.02,2023_01_23 5nm CdSe nanoparticles on UTC
20230123_CdSe_UTC_330kx_2640e_0p1596s_07.dm3,01/23/23,CdSe,5,Oblong,UT Carbon,Team05,421,0.02,2023_01_23 5nm CdSe nanoparticles on UTC
20230123_CdSe_UTC_330kx_2640e_0p1596s_08.dm3,01/23/23,CdSe,5,Oblong,UT Carbon,Team05,421,0.02,2023_01_23 5nm CdSe nanoparticles on UTC
20230123_CdSe_UTC_330kx_2640e_0p1596s_09.dm3,01/23/23,CdSe,5,Oblong,UT Carbon,Team05,421,0.02,2023_01_23 5nm CdSe nanoparticles on UTC
20230123_CdSe_UTC_330kx_2640e_0p1596s_10.dm3,01/23/23,CdSe,5,Oblong,UT Carbon,Team05,421,0.02,2023_01_23 5nm CdSe nanoparticles on UTC
20230123_CdSe_UTC_330kx_2640e_0p1596s_11.dm3,01/23/23,CdSe,5,Oblong,UT Carbon,Team05,421,0.02,2023_01_23 5nm CdSe nanoparticles on UTC
20211215_Au_SiN_330kx_2650e_0p1596s_01.dm3,12/15/21,Au,5,Sphere,SiN,Team05,423,0.02,2021_12_15 5nm Au nanoparticles on 5nm SiN
20211215_Au_SiN_330kx_2650e_0p1596s_02.dm3,12/15/21,Au,5,Sphere,SiN,Team05,423,0.02,2021_12_15 5nm Au nanoparticles on 5nm SiN
20211215_Au_SiN_330kx_2650e_0p1596s_03.dm3,12/15/21,Au,5,Sphere,SiN,Team05,423,0.02,2021_12_15 5nm Au nanoparticles on 5nm SiN
20211215_Au_SiN_330kx_2650e_0p1596s_04.dm3,12/15/21,Au,5,Sphere,SiN,Team05,423,0.02,2021_12_15 5nm Au nanoparticles on 5nm SiN
20211215_Au_SiN_330kx_2650e_0p1596s_05.dm3,12/15/21,Au,5,Sphere,SiN,Team05,423,0.02,2021_12_15 5nm Au nanoparticles on 5nm SiN
20211215_Au_SiN_330kx_2650e_0p1596s_06.dm3,12/15/21,Au,5,Sphere,SiN,Team05,423,0.02,2021_12_15 5nm Au nanoparticles on 5nm SiN
20211215_Au_SiN_330kx_2650e_0p1596s_07.dm3,12/15/21,Au,5,Sphere,SiN,Team05,423,0.02,2021_12_15 5nm Au nanoparticles on 5nm SiN
20211215_Au_SiN_330kx_2650e_0p1596s_08.dm3,12/15/21,Au,5,Sphere,SiN,Team05,423,0.02,2021_12_15 5nm Au nanoparticles on 5nm SiN
20211215_Au_SiN_330kx_2650e_0p1596s_09.dm3,12/15/21,Au,5,Sphere,SiN,Team05,423,0.02,2021_12_15 5nm Au nanoparticles on 5nm SiN
20211215_Au_SiN_330kx_2650e_0p1596s_10.dm3,12/15/21,Au,5,Sphere,SiN,Team05,423,0.02,2021_12_15 5nm Au nanoparticles on 5nm SiN
20211215_Au_SiN_330kx_2650e_0p1596s_11.dm3,12/15/21,Au,5,Sphere,SiN,Team05,423,0.02,2021_12_15 5nm Au nanoparticles on 5nm SiN
20211215_Au_SiN_330kx_2650e_0p1596s_12.dm3,12/15/21,Au,5,Sphere,SiN,Team05,423,0.02,2021_12_15 5nm Au nanoparticles on 5nm SiN
20211215_Au_SiN_330kx_2650e_0p1596s_13.dm3,12/15/21,Au,5,Sphere,SiN,Team05,423,0.02,2021_12_15 5nm Au nanoparticles on 5nm SiN
20211215_Au_SiN_330kx_2650e_0p1596s_14.dm3,12/15/21,Au,5,Sphere,SiN,Team05,423,0.02,2021_12_15 5nm Au nanoparticles on 5nm SiN
20211215_Au_SiN_330kx_2650e_0p1596s_15.dm3,12/15/21,Au,5,Sphere,SiN,Team05,423,0.02,2021_12_15 5nm Au nanoparticles on 5nm SiN
20211215_Au_SiN_330kx_2650e_0p1596s_16.dm3,12/15/21,Au,5,Sphere,SiN,Team05,423,0.02,2021_12_15 5nm Au nanoparticles on 5nm SiN
20211215_Au_SiN_330kx_2650e_0p1596s_17.dm3,12/15/21,Au,5,Sphere,SiN,Team05,423,0.02,2021_12_15 5nm Au nanoparticles on 5nm SiN
20211215_Au_SiN_330kx_2650e_0p1596s_18.dm3,12/15/21,Au,5,Sphere,SiN,Team05,423,0.02,2021_12_15 5nm Au nanoparticles on 5nm SiN
20211215_Au_SiN_160kx_1310e_0p3192s_01.dm3,12/15/21,Au,5,Sphere,SiN,Team05,418,0.042,2021_12_15 5nm Au nanoparticles on 5nm SiN
20211215_Au_SiN_160kx_1310e_0p3192s_02.dm3,12/15/21,Au,5,Sphere,SiN,Team05,418,0.042,2021_12_15 5nm Au nanoparticles on 5nm SiN
20211215_Au_SiN_160kx_1310e_0p3192s_03.dm3,12/15/21,Au,5,Sphere,SiN,Team05,418,0.042,2021_12_15 5nm Au nanoparticles on 5nm SiN
20211215_Au_SiN_160kx_1310e_0p3192s_04.dm3,12/15/21,Au,5,Sphere,SiN,Team05,418,0.042,2021_12_15 5nm Au nanoparticles on 5nm SiN
20211215_Au_SiN_160kx_1310e_0p3192s_05.dm3,12/15/21,Au,5,Sphere,SiN,Team05,418,0.042,2021_12_15 5nm Au nanoparticles on 5nm SiN
20211215_Au_SiN_160kx_1310e_0p3192s_06.dm3,12/15/21,Au,5,Sphere,SiN,Team05,418,0.042,2021_12_15 5nm Au nanoparticles on 5nm SiN
20211215_Au_SiN_160kx_1310e_0p3192s_07.dm3,12/15/21,Au,5,Sphere,SiN,Team05,418,0.042,2021_12_15 5nm Au nanoparticles on 5nm SiN
20211215_Au_SiN_160kx_1310e_0p3192s_08.dm3,12/15/21,Au,5,Sphere,SiN,Team05,418,0.042,2021_12_15 5nm Au nanoparticles on 5nm SiN
20211215_Au_SiN_160kx_1310e_0p3192s_09.dm3,12/15/21,Au,5,Sphere,SiN,Team05,418,0.042,2021_12_15 5nm Au nanoparticles on 5nm SiN
20211215_Au_SiN_160kx_1310e_0p3192s_10.dm3,12/15/21,Au,5,Sphere,SiN,Team05,418,0.042,2021_12_15 5nm Au nanoparticles on 5nm SiN
20211215_Au_SiN_160kx_1310e_0p3192s_11.dm3,12/15/21,Au,5,Sphere,SiN,Team05,418,0.042,2021_12_15 5nm Au nanoparticles on 5nm SiN
20211215_Au_SiN_160kx_1310e_0p3192s_12.dm3,12/15/21,Au,5,Sphere,SiN,Team05,418,0.042,2021_12_15 5nm Au nanoparticles on 5nm SiN
20211215_Au_SiN_160kx_1310e_0p3192s_13.dm3,12/15/21,Au,5,Sphere,SiN,Team05,418,0.042,2021_12_15 5nm Au nanoparticles on 5nm SiN
20211215_Au_SiN_160kx_1310e_0p3192s_14.dm3,12/15/21,Au,5,Sphere,SiN,Team05,418,0.042,2021_12_15 5nm Au nanoparticles on 5nm SiN
20211215_Au_SiN_160kx_1310e_0p3192s_15.dm3,12/15/21,Au,5,Sphere,SiN,Team05,418,0.042,2021_12_15 5nm Au nanoparticles on 5nm SiN
20211215_Au_SiN_160kx_1310e_0p3192s_16.dm3,12/15/21,Au,5,Sphere,SiN,Team05,418,0.042,2021_12_15 5nm Au nanoparticles on 5nm SiN
20211215_Au_SiN_205kx_2630e_0p1596s_01.dm3,12/15/21,Au,5,Sphere,SiN,Team05,420,0.033,2021_12_15 5nm Au nanoparticles on 5nm SiN
20211215_Au_SiN_205kx_2630e_0p1596s_02.dm3,12/15/21,Au,5,Sphere,SiN,Team05,420,0.033,2021_12_15 5nm Au nanoparticles on 5nm SiN
20211215_Au_SiN_205kx_2630e_0p1596s_03.dm3,12/15/21,Au,5,Sphere,SiN,Team05,420,0.033,2021_12_15 5nm Au nanoparticles on 5nm SiN
20211215_Au_SiN_205kx_2630e_0p1596s_04.dm3,12/15/21,Au,5,Sphere,SiN,Team05,420,0.033,2021_12_15 5nm Au nanoparticles on 5nm SiN
20211215_Au_SiN_205kx_2630e_0p1596s_05.dm3,12/15/21,Au,5,Sphere,SiN,Team05,420,0.033,2021_12_15 5nm Au nanoparticles on 5nm SiN
20211215_Au_SiN_205kx_2630e_0p1596s_06.dm3,12/15/21,Au,5,Sphere,SiN,Team05,420,0.033,2021_12_15 5nm Au nanoparticles on 5nm SiN
20211215_Au_SiN_205kx_2630e_0p1596s_07.dm3,12/15/21,Au,5,Sphere,SiN,Team05,420,0.033,2021_12_15 5nm Au nanoparticles on 5nm SiN
20211215_Au_SiN_205kx_2630e_0p1596s_08.dm3,12/15/21,Au,5,Sphere,SiN,Team05,420,0.033,2021_12_15 5nm Au nanoparticles on 5nm SiN
20211215_Au_SiN_205kx_2630e_0p1596s_09.dm3,12/15/21,Au,5,Sphere,SiN,Team05,420,0.033,2021_12_15 5nm Au nanoparticles on 5nm SiN
20211215_Au_SiN_205kx_2630e_0p1596s_10.dm3,12/15/21,Au,5,Sphere,SiN,Team05,420,0.033,2021_12_15 5nm Au nanoparticles on 5nm SiN
20211215_Au_SiN_205kx_2630e_0p1596s_11.dm3,12/15/21,Au,5,Sphere,SiN,Team05,420,0.033,2021_12_15 5nm Au nanoparticles on 5nm SiN
20211215_Au_SiN_205kx_2630e_0p1596s_12.dm3,12/15/21,Au,5,Sphere,SiN,Team05,420,0.033,2021_12_15 5nm Au nanoparticles on 5nm SiN
20211215_Au_SiN_205kx_2630e_0p1596s_13.dm3,12/15/21,Au,5,Sphere,SiN,Team05,420,0.033,2021_12_15 5nm Au nanoparticles on 5nm SiN
20211215_Au_SiN_205kx_2630e_0p1596s_14.dm3,12/15/21,Au,5,Sphere,SiN,Team05,420,0.033,2021_12_15 5nm Au nanoparticles on 5nm SiN
20211215_Au_SiN_205kx_2630e_0p1596s_15.dm3,12/15/21,Au,5,Sphere,SiN,Team05,420,0.033,2021_12_15 5nm Au nanoparticles on 5nm SiN
20211215_Au_SiN_205kx_2630e_0p1596s_16.dm3,12/15/21,Au,5,Sphere,SiN,Team05,420,0.033,2021_12_15 5nm Au nanoparticles on 5nm SiN
20211215_Au_SiN_205kx_2630e_0p1596s_17.dm3,12/15/21,Au,5,Sphere,SiN,Team05,420,0.033,2021_12_15 5nm Au nanoparticles on 5nm SiN
20211215_Au_SiN_260kx_2770e_0p1596s_01.dm3,12/15/21,Au,5,Sphere,SiN,Team05,442,0.026,2021_12_15 5nm Au nanoparticles on 5nm SiN
20211215_Au_SiN_260kx_2770e_0p1596s_02.dm3,12/15/21,Au,5,Sphere,SiN,Team05,442,0.026,2021_12_15 5nm Au nanoparticles on 5nm SiN
20211215_Au_SiN_260kx_2770e_0p1596s_03.dm3,12/15/21,Au,5,Sphere,SiN,Team05,442,0.026,2021_12_15 5nm Au nanoparticles on 5nm SiN
20211215_Au_SiN_260kx_2770e_0p1596s_04.dm3,12/15/21,Au,5,Sphere,SiN,Team05,442,0.026,2021_12_15 5nm Au nanoparticles on 5nm SiN
20211215_Au_SiN_260kx_2770e_0p1596s_05.dm3,12/15/21,Au,5,Sphere,SiN,Team05,442,0.026,2021_12_15 5nm Au nanoparticles on 5nm SiN
20211215_Au_SiN_260kx_2770e_0p1596s_06.dm3,12/15/21,Au,5,Sphere,SiN,Team05,442,0.026,2021_12_15 5nm Au nanoparticles on 5nm SiN
20211215_Au_SiN_260kx_2770e_0p1596s_07.dm3,12/15/21,Au,5,Sphere,SiN,Team05,442,0.026,2021_12_15 5nm Au nanoparticles on 5nm SiN
20211215_Au_SiN_260kx_2770e_0p1596s_08.dm3,12/15/21,Au,5,Sphere,SiN,Team05,442,0.026,2021_12_15 5nm Au nanoparticles on 5nm SiN
20211215_Au_SiN_260kx_2770e_0p1596s_09.dm3,12/15/21,Au,5,Sphere,SiN,Team05,442,0.026,2021_12_15 5nm Au nanoparticles on 5nm SiN
20211215_Au_SiN_260kx_2770e_0p1596s_10.dm3,12/15/21,Au,5,Sphere,SiN,Team05,442,0.026,2021_12_15 5nm Au nanoparticles on 5nm SiN
20211215_Au_SiN_260kx_2770e_0p1596s_11.dm3,12/15/21,Au,5,Sphere,SiN,Team05,442,0.026,2021_12_15 5nm Au nanoparticles on 5nm SiN
20211215_Au_SiN_260kx_2770e_0p1596s_12.dm3,12/15/21,Au,5,Sphere,SiN,Team05,442,0.026,2021_12_15 5nm Au nanoparticles on 5nm SiN
20211215_Au_SiN_260kx_2770e_0p1596s_13.dm3,12/15/21,Au,5,Sphere,SiN,Team05,442,0.026,2021_12_15 5nm Au nanoparticles on 5nm SiN
20211215_Au_SiN_260kx_2770e_0p1596s_14.dm3,12/15/21,Au,5,Sphere,SiN,Team05,442,0.026,2021_12_15 5nm Au nanoparticles on 5nm SiN
20211215_Au_SiN_260kx_2770e_0p1596s_15.dm3,12/15/21,Au,5,Sphere,SiN,Team05,442,0.026,2021_12_15 5nm Au nanoparticles on 5nm SiN
20211215_Au_SiN_260kx_2770e_0p1596s_16.dm3,12/15/21,Au,5,Sphere,SiN,Team05,442,0.026,2021_12_15 5nm Au nanoparticles on 5nm SiN
20211215_Au_SiN_260kx_2770e_0p1596s_17.dm3,12/15/21,Au,5,Sphere,SiN,Team05,442,0.026,2021_12_15 5nm Au nanoparticles on 5nm SiN
